age,sleep_hours,stress_level,social_support,exercise_freq,work_hours,therapy_history,family_history,income_level,education_level,label
56,5.934123069848338,6,5,0,34,1,1,40002,3,2
46,8.85924667512781,2,7,3,38,0,0,70711,2,0
32,5.527843928582583,7,1,5,58,1,1,59451,2,2
60,8.089016333343576,3,1,5,35,1,1,119811,1,1
25,8.561367159338118,3,9,1,54,1,1,69103,1,1
38,7.573832443647065,5,5,0,51,1,0,48647,2,0
56,6.82945713130095,3,5,4,31,0,1,54831,5,1
36,6.471045484883611,2,3,5,42,0,1,116498,5,1
40,6.093209599257972,9,5,5,34,0,1,115119,4,1
28,9.577174865486956,2,3,1,57,1,0,86830,1,1
28,8.983716446726374,2,9,3,56,1,0,100632,4,1
41,9.790161463999075,8,9,1,54,0,0,56833,1,1
53,4.745783340913269,9,6,0,37,1,1,112864,2,0
57,8.385204851221864,7,1,2,52,1,0,44398,5,2
41,9.630042740926227,3,7,2,30,0,1,81554,5,1
20,5.087398396993961,9,7,3,49,0,0,70755,2,0
39,4.398977604200665,3,4,5,41,1,1,37706,4,0
19,8.446723895740355,5,8,3,52,1,0,42340,4,1
41,7.446838679079471,9,6,5,40,1,1,84994,3,2
61,9.050972660549633,3,4,5,36,0,0,83884,1,0
47,4.838634259757737,7,4,2,44,0,0,104361,4,1
55,8.771603871159341,1,2,3,51,0,0,37482,2,0
19,5.209763920286467,4,2,1,53,0,1,74225,4,1
38,4.981935657194227,4,4,5,40,1,0,78849,5,2
50,4.985594787585958,7,5,4,58,0,0,94854,1,1
29,8.887448321388293,8,8,4,51,0,0,61256,3,0
39,7.991183324177201,1,6,1,55,1,0,101110,1,1
61,7.138392548614716,5,4,4,45,1,1,34650,5,0
42,6.152982904741015,7,7,0,32,1,0,66118,5,1
44,9.26320324487865,4,8,5,49,0,1,48930,5,1
59,6.354670644535812,4,2,1,43,1,1,105707,5,1
45,8.899596636829463,4,7,3,32,1,1,31801,2,0
33,6.634809451421311,6,2,5,30,0,1,71360,3,2
32,6.2616665765494455,7,2,1,55,0,0,107908,5,1
64,6.776078714017639,2,8,2,50,1,1,36559,5,0
61,5.808267244984853,5,2,3,44,0,1,52334,4,1
20,8.485656281057507,4,9,2,30,1,1,33288,3,1
54,7.016322340554875,3,1,5,46,1,1,42398,1,1
24,5.393276170880904,7,9,3,31,0,0,96230,3,1
38,9.397447439647411,6,1,4,58,1,0,32191,3,1
26,6.303347328239268,7,2,1,49,0,1,38051,3,0
56,7.261317166683932,5,6,5,35,0,1,81715,5,2
35,9.438832665787281,6,6,0,37,0,1,30737,5,1
21,7.745427975483953,5,1,3,58,1,0,85140,2,0
42,4.701388244250184,7,7,3,45,0,0,45251,1,1
31,9.638992741680852,2,8,5,48,0,0,70975,4,2
26,7.766248318428508,5,2,5,30,1,0,25147,3,2
43,6.009433687942517,6,8,2,32,1,0,70508,1,0
19,4.835632435980323,6,9,4,57,1,1,72224,1,0
37,8.764151135621777,5,6,2,32,1,0,39643,2,1
45,7.720436535571081,7,5,2,34,0,0,58967,4,0
64,7.200766551857929,8,9,4,56,0,1,118850,3,2
24,9.363355498305745,7,9,0,41,0,0,60733,4,0
61,8.731583267347185,5,1,2,41,1,0,104003,2,0
25,4.910049278396507,1,3,2,49,1,0,54808,5,1
64,5.870332406773289,5,9,3,42,0,1,87288,1,0
52,5.490934838886794,2,2,4,49,1,0,78959,3,1
31,8.463677755436063,5,4,1,38,1,1,21849,5,1
34,4.201194608414676,5,4,0,36,0,1,88178,2,0
53,7.419338109227899,2,2,0,33,0,0,87136,4,0
57,8.574752114444143,5,3,4,48,1,0,80740,1,1
21,9.260593820570497,4,3,5,51,1,0,106322,3,0
19,6.052490492295445,1,1,5,48,1,0,64565,5,1
23,8.927543828032077,3,6,3,35,0,1,40183,5,1
59,4.663790421731243,1,8,3,56,0,0,21132,1,1
21,9.07871375040711,5,3,4,42,0,1,58259,4,2
46,4.764931973991894,4,5,3,40,0,1,116612,2,2
35,6.383723743362204,7,1,0,42,0,1,83668,4,2
43,8.783772194677322,5,7,0,42,1,1,58563,4,0
61,4.899504564092643,4,1,1,57,1,1,112227,4,0
51,5.375508371395849,2,9,5,54,1,0,30931,1,0
27,8.333515410358398,4,8,4,51,0,1,93169,1,2
53,8.320219219276446,2,7,2,57,0,1,70639,2,2
31,7.846885797311784,8,7,5,49,0,0,78901,4,2
48,8.1636906668026,3,5,2,44,1,0,21044,1,0
32,7.256346660085577,9,5,1,50,0,1,66691,2,2
25,5.5107943534417165,4,5,1,42,0,1,44363,2,1
31,6.074175961023517,6,1,3,51,1,0,66694,4,0
40,5.089586300808554,5,8,1,40,0,1,21582,3,1
57,9.45070336800177,1,1,1,48,1,0,99910,4,0
38,7.500350768596723,9,4,2,37,0,0,86844,3,1
33,6.405108500581839,1,9,3,49,0,1,41301,2,0
62,6.772034821864796,8,9,1,37,1,0,94329,1,1
35,9.683700037670892,9,5,5,39,1,1,21620,5,1
64,4.920108418696481,9,4,1,55,1,1,82224,2,2
41,7.517378992100784,1,3,3,45,1,1,76655,1,1
43,7.035332073306796,2,3,4,48,1,0,115419,2,1
42,7.668725412607887,1,5,3,55,1,1,57534,4,2
62,4.108661102925043,2,1,2,52,0,0,59390,3,2
58,9.23274345366491,8,5,4,40,0,1,91629,2,0
46,9.592709694901675,5,6,5,42,1,1,75856,1,1
32,7.390799101535253,7,7,0,57,0,0,69252,4,0
62,8.179904943261354,2,9,3,38,1,1,75809,5,0
18,9.534996287063773,8,3,2,49,0,1,42259,4,1
42,8.243431805880391,6,2,5,53,1,0,40655,3,2
24,4.915234257485568,8,3,4,48,0,0,53005,4,0
26,7.457730161000879,1,9,5,45,0,0,51629,5,2
41,7.640290278297135,1,7,3,36,0,1,43610,1,2
18,6.544784027814316,7,9,1,48,0,0,77184,2,2
61,8.418665413748336,8,2,3,41,0,0,41602,3,0
25,9.60620208861409,3,5,0,44,1,1,105945,5,2
41,9.553411077440657,5,4,3,52,1,0,31110,3,0
28,6.705036228424793,1,2,4,43,1,1,26073,4,1
34,4.679428275044532,7,9,4,40,0,1,100818,3,0
25,9.909047193774008,5,9,3,55,1,0,30195,5,0
52,9.033388518675604,8,6,4,39,0,1,21537,2,1
52,4.747976087219601,8,6,1,56,0,0,37138,2,1
50,9.525051295704234,9,8,5,40,0,0,64328,3,0
22,9.21937817237277,7,6,3,35,1,0,66202,1,0
59,7.113028342756433,1,1,1,31,0,0,60164,3,1
56,7.547652614469575,3,4,5,40,1,1,109743,4,0
58,6.394016223220781,8,7,5,48,1,1,74659,2,2
45,4.328569832932188,3,2,1,35,0,0,106155,2,0
24,6.011183449875405,8,9,2,43,0,0,69692,2,0
26,8.81712069158807,1,8,3,49,1,1,44845,1,0
25,4.027792138027618,5,8,5,35,1,0,109846,1,1
29,6.000995030146865,4,7,5,46,1,1,50562,5,0
51,6.38901216154566,5,4,4,39,1,0,48036,3,0
50,7.2243736176275375,8,2,5,57,1,1,80752,3,2
40,9.519133698476562,4,3,1,30,1,1,94233,4,1
41,6.078075966195767,4,6,5,32,0,1,103049,2,0
54,6.081719211377366,3,5,2,37,1,0,88681,1,1
52,8.42500748865849,7,8,3,37,1,0,47818,4,2
61,6.713307645338843,3,6,3,56,1,0,50544,4,0
57,5.347628937639891,3,6,5,49,1,0,82532,1,0
39,6.71463709679616,5,1,0,51,0,0,98636,3,1
44,4.8451421222788,5,4,0,44,0,1,77705,2,1
52,5.05832191903734,6,5,1,53,1,1,40104,3,1
18,6.990206636436879,8,3,0,36,1,1,89603,4,0
52,6.513552697027287,6,9,1,40,1,1,79025,2,0
54,9.4890754064086,1,1,4,36,0,1,116264,5,1
64,6.174363394699799,8,6,1,58,0,1,52317,4,0
31,7.4835301016682605,8,6,0,33,0,1,51416,3,1
20,7.793585727517183,9,5,5,54,0,0,62012,3,1
18,4.078566739530002,9,5,4,41,0,1,88045,3,0
22,7.9812242321002635,2,5,0,55,0,0,41400,1,2
43,5.068215801218509,2,6,1,35,1,1,68270,4,2
31,9.766421904816731,3,8,2,43,0,1,92069,2,1
56,4.891976366518678,1,2,3,41,0,0,69833,3,0
44,6.487744742362143,4,6,0,40,1,1,83644,3,0
26,4.512098008471863,4,1,1,48,0,0,100206,1,1
32,9.981245511075684,9,4,4,50,1,1,89468,2,0
32,7.013170061987456,9,3,0,34,0,0,79473,4,2
43,7.5723101039202625,9,9,0,43,1,1,65809,5,0
59,4.402458864330565,7,3,3,50,1,0,58328,1,1
30,8.499762822395066,2,6,1,53,1,0,56784,4,0
49,5.259433558573514,5,1,2,45,1,1,43723,5,1
56,9.388325736644283,4,6,4,54,1,1,80646,3,0
49,5.2308378428920435,8,4,1,42,0,0,86255,3,1
21,5.144126323981999,2,8,4,54,0,1,20074,2,0
47,4.219298007088569,6,9,0,58,1,0,46498,5,2
54,6.832401670659996,5,4,3,51,1,1,85522,3,0
40,7.3890467995756985,2,6,3,51,1,0,116881,3,2
56,4.394251836570114,1,1,5,54,0,1,40541,2,2
62,8.653165700170064,8,4,2,49,1,0,65929,4,0
32,6.7197330084881655,2,7,3,51,1,1,46028,3,1
60,7.14634161596548,7,1,0,33,1,0,49545,1,0
46,6.644576481629369,9,8,2,40,1,0,99569,1,2
53,6.404578365251956,9,6,1,46,0,1,51673,4,1
30,7.357841987849307,8,5,3,36,1,1,50974,5,0
49,4.9314414755842755,9,9,2,43,1,0,78899,2,0
24,5.091568782971627,2,2,0,55,0,0,43097,1,0
39,9.170713726081104,6,5,5,40,1,0,113144,1,2
45,9.676692772801797,4,6,4,57,1,0,84824,4,0
19,6.239855897678518,4,7,4,51,0,1,43525,5,1
59,5.624468038861322,5,5,0,38,0,0,77804,5,1
62,7.863997259434095,3,9,0,52,0,0,35043,4,2
23,6.452405026588578,1,1,4,42,1,0,61846,1,0
45,4.152318133962069,8,7,5,52,1,1,97261,2,1
45,4.936915584197142,5,7,2,47,0,0,70227,1,1
61,8.295833373084385,3,4,4,57,0,1,73028,5,1
61,7.953543651460908,7,9,0,40,0,1,57383,1,0
37,4.162575955020901,7,5,3,44,1,1,49483,2,0
47,5.331832971597697,1,4,1,54,1,1,27265,3,0
28,5.386448779528428,9,7,5,55,0,1,42763,1,1
45,8.03135646159237,2,4,5,54,1,1,95652,4,0
42,4.118263226526185,5,3,3,51,0,1,35733,3,1
56,4.624651491907443,5,9,3,58,1,0,111038,4,0
50,8.799496512239136,8,8,0,48,1,0,57420,4,2
18,5.071267972326002,8,1,4,30,1,1,29247,4,2
44,7.916476647111248,7,7,2,33,1,0,43840,1,1
30,5.429096686280359,7,9,5,43,0,0,85149,5,0
58,4.596648356556071,6,8,5,43,1,1,41058,3,0
20,5.459033145996725,6,8,3,32,1,0,54929,2,0
56,8.333601591133956,9,6,4,59,0,1,104171,5,0
23,9.134178808637714,6,4,5,57,1,0,111164,1,1
25,8.98131918740195,2,8,2,46,0,1,51362,4,1
44,6.383101177710729,2,3,3,32,0,1,106489,2,2
26,8.008510819423877,5,9,2,45,1,0,104664,3,0
54,5.229905772494925,4,2,4,43,1,0,67356,5,1
50,5.75888638156608,2,2,5,59,0,1,97597,5,1
59,9.37801491112672,3,7,1,49,0,1,26041,2,1
61,4.078011541064416,7,4,5,58,0,1,98209,1,0
41,4.513051185126809,8,8,4,42,1,0,81954,3,1
32,5.247317530876164,6,9,5,44,0,0,81869,2,1
49,4.1591932232429185,5,7,5,43,0,0,41059,4,1
49,5.088612610538783,1,5,0,53,0,0,119864,3,2
41,7.498249365818153,8,8,5,54,1,1,64722,5,0
58,6.528547303554988,3,4,5,48,0,1,37548,2,0
29,9.356030266461849,6,2,2,35,1,1,35078,5,1
56,8.904661370430645,3,6,1,39,1,1,25419,5,1
19,6.050904110187256,7,9,2,56,0,0,55490,5,0
20,5.556540600587755,7,1,2,44,1,1,96086,1,1
54,6.278154449003601,9,7,3,50,0,1,78760,5,2
34,7.541769655088847,5,9,0,51,1,0,50337,4,2
19,5.6083818449372576,8,9,2,49,1,0,21468,4,0
19,7.744893447094804,8,3,4,55,0,1,44309,3,2
45,6.456469913147442,1,5,4,35,0,0,86344,5,1
40,7.312283085111881,5,8,5,52,0,1,110283,5,1
54,6.6167591748119,3,8,3,54,1,0,92255,2,1
49,5.766794557251506,1,4,0,39,1,0,101899,1,2
50,9.690719841772939,4,1,0,36,0,1,48718,3,1
18,8.581634764958565,8,1,5,51,0,0,114337,5,0
36,4.8406790545987155,3,4,4,46,1,1,57841,2,1
19,9.210807855387477,2,6,1,47,1,0,93548,1,1
61,6.924587189497082,9,8,3,46,1,0,103565,3,0
43,9.367313361364548,5,6,5,38,0,0,66660,3,2
49,8.799131535683891,7,9,3,39,1,0,70281,5,1
23,6.551281026815401,2,9,4,39,0,0,20767,3,1
49,4.134815849920704,9,2,4,54,1,1,23895,2,0
21,5.6120641563096765,9,1,1,36,1,0,78026,3,1
28,7.249805287965201,4,2,1,45,0,1,62968,4,0
34,7.800869318956884,4,5,0,58,0,0,60097,2,0
55,5.5473261125992135,6,4,3,47,0,1,35332,1,1
41,4.836136444436945,6,4,3,35,1,0,34621,1,1
22,9.009581420795794,1,9,4,56,1,1,96870,5,1
51,9.906413084221313,9,8,0,49,1,1,38174,5,0
23,7.154141093816115,2,6,5,30,0,0,119189,4,1
39,5.030075715089821,5,1,3,30,1,0,60502,1,0
28,5.633843959116214,9,2,0,41,0,0,56674,1,2
33,4.110344059284801,4,6,0,50,0,1,57260,1,1
50,9.485792839362993,3,2,4,57,0,1,62498,1,1
26,4.706506497340847,7,5,0,31,1,0,87609,3,0
23,7.459098853085521,6,5,1,33,1,0,69464,2,0
33,5.644331324123236,8,6,1,46,0,1,91805,2,2
46,7.325068015094761,3,6,2,33,1,1,84919,4,0
20,7.908522330111185,5,6,4,40,0,0,74469,3,1
37,8.978450822243211,4,2,5,51,0,1,37194,1,1
53,5.2385276305636195,4,3,2,55,1,0,46811,1,0
36,4.065974971950883,4,6,1,33,0,0,92377,5,2
43,4.821313780412844,8,8,2,30,0,0,63723,5,1
20,9.400111851088631,6,1,4,36,1,1,95235,4,0
36,9.243340465375091,3,1,4,59,0,1,96298,1,0
37,7.58447861302185,5,2,0,47,0,1,79238,4,0
49,7.60310116260192,6,6,3,38,0,1,22147,3,2
24,7.990220047277533,5,9,0,58,0,0,118919,2,1
58,5.052227671740697,6,4,4,32,0,1,119251,1,0
50,9.486471675549758,8,3,1,37,0,0,58445,3,0
57,6.5126231493524385,7,8,5,58,0,0,73803,1,1
56,6.298831169496985,5,9,1,53,1,0,81108,5,1
35,7.113506231697025,6,5,0,48,1,1,22013,4,1
57,4.281795800650331,4,9,5,33,0,0,105617,5,0
18,4.9977002125364764,9,2,4,47,0,0,102410,2,0
28,8.428201698558222,4,3,1,49,1,1,73502,5,1
45,4.496792007550759,1,7,4,56,1,0,57755,1,2
42,7.618912656798329,7,7,5,40,1,1,28733,5,0
40,5.472094658087926,7,6,5,56,1,1,29479,1,1
48,6.335773684251859,4,6,1,43,1,1,95361,2,1
47,5.732162420624199,3,2,4,54,0,0,41304,5,1
59,6.134036298789695,8,6,2,47,1,1,55694,4,0
52,8.314275431105473,5,4,4,57,1,1,101171,4,2
24,5.78273029373905,7,3,5,57,1,1,106296,4,1
33,7.398427841781383,4,2,4,58,0,1,29490,5,1
43,6.856302413194598,4,1,0,45,0,0,41252,5,0
19,7.982026992175889,8,5,2,32,0,1,26862,5,0
18,9.620978435948548,8,2,3,44,0,0,89959,1,0
29,8.395432583261503,2,2,0,56,0,1,30450,2,1
22,5.28964227154454,2,7,3,56,0,0,76022,4,0
54,4.187098810367708,3,8,1,33,1,1,81991,1,1
49,5.57358426579895,3,8,3,34,0,0,60927,4,0
26,7.570467584201529,1,4,4,46,0,1,108090,1,1
58,4.308554880905502,3,1,3,36,1,0,69853,5,1
52,6.978197483207418,6,7,5,45,0,0,51826,4,0
36,7.581057093501335,8,1,0,43,1,0,62879,5,0
33,6.005463344901765,6,4,0,55,1,1,77265,4,0
20,8.62547322247493,5,8,3,45,0,0,92361,3,1
37,4.639589518802631,4,2,0,36,1,0,97990,1,1
41,4.450826690414853,3,6,5,38,1,0,109787,3,0
50,8.36913253722162,4,6,0,33,1,0,106184,1,1
41,6.972947897237191,7,9,3,59,1,1,60736,2,0
28,8.130414378566417,1,5,2,59,0,0,44530,4,0
25,6.608964031622477,7,4,2,51,1,0,98052,2,0
53,5.478412199434641,1,5,1,40,0,0,67058,2,2
55,8.914613906045197,2,5,0,31,1,1,94094,1,0
57,8.796495273813875,4,8,3,41,1,0,94255,3,0
37,8.16817882512656,1,8,0,41,1,0,24886,5,0
52,5.632870823379776,9,2,4,59,0,0,113721,1,0
42,7.541384001214523,6,7,5,33,0,0,57387,5,1
52,6.165843381640161,1,8,0,47,0,1,41575,2,0
42,4.5494924399598045,1,6,0,55,1,0,59643,5,0
46,9.503881452773456,6,5,2,50,1,0,30100,3,1
35,4.820911785513768,4,9,5,36,1,1,80356,1,0
63,9.701424122924815,4,3,3,58,1,1,27856,3,1
35,6.676034637747734,6,4,0,30,0,1,58169,3,1
19,5.110797573031718,7,9,2,55,1,0,48804,1,0
52,7.251405684270149,9,6,1,55,0,1,55790,3,1
33,9.23767501525845,5,8,5,52,1,0,50988,4,0
58,8.393349318457368,9,7,2,55,0,1,96448,4,1
53,8.839366887168698,4,2,2,42,0,0,58506,4,1
50,7.952700200264304,2,3,2,35,1,1,107904,5,0
21,8.153659387107115,3,1,0,35,1,0,87306,3,1
50,9.095173909391916,1,9,0,41,0,1,32305,1,2
31,5.498008053155115,6,7,1,37,1,0,29969,1,2
38,6.936549781858843,6,1,4,53,1,0,32404,5,1
37,5.327256650917613,1,3,4,51,0,0,28989,1,1
25,9.926008047979881,3,4,4,48,0,0,85305,4,0
24,9.66435603811968,5,4,5,34,0,0,55983,3,0
20,4.236560868211035,3,5,5,47,0,0,59462,1,1
34,8.23345103509413,3,3,1,59,1,0,39360,1,0
50,9.551489904493994,3,3,5,34,0,0,105657,2,2
29,5.083452070764001,5,1,4,59,0,1,46287,2,0
39,7.407671383315777,5,7,4,54,0,0,85472,2,0
39,9.49292978552825,4,1,2,39,1,0,81313,3,0
63,4.203675871514793,1,2,5,30,0,1,54160,4,2
47,8.18452160348104,5,4,0,39,1,0,26789,4,1
55,5.784094044235305,5,4,0,34,0,1,47181,4,1
55,9.546377172259183,4,5,2,41,0,0,34385,3,0
62,9.826349470992206,6,2,2,51,1,1,102597,3,2
25,9.665598934680602,4,4,2,59,0,1,85641,2,0
44,6.845285299944782,7,1,0,56,0,0,64247,1,2
44,9.17225590593588,7,2,4,36,1,1,106673,5,1
51,9.067296391210423,2,1,2,38,0,0,25544,5,0
38,5.914602839459533,3,4,1,51,0,0,33275,1,1
47,8.973492844904065,1,4,2,50,0,0,83248,2,1
50,4.222045808292956,8,7,3,41,0,0,54550,1,0
45,7.577619270892319,9,9,2,52,1,1,73693,1,2
64,5.3800530237262185,4,9,0,58,0,0,39641,5,1
50,4.723401314663673,6,5,5,30,1,1,91749,2,0
22,4.461719209775255,9,1,2,40,0,1,100021,3,0
36,8.177732655268839,6,1,5,59,1,0,35605,5,1
21,6.039249782608397,9,6,3,50,0,0,70713,3,1
52,8.34860062917257,4,2,1,44,1,0,40390,2,1
34,4.392138044793654,8,8,5,31,0,0,95403,1,1
61,5.891742026983662,9,9,4,49,1,1,78466,4,1
45,7.236947754252023,4,4,2,36,1,0,23981,4,2
47,8.744338989033782,5,5,3,50,0,1,29493,2,1
46,5.912515017592419,8,8,3,41,1,0,91218,4,2
63,7.755348258622055,6,3,5,51,0,0,91318,3,0
23,9.315866489417122,7,5,1,47,0,0,115335,4,0
52,7.695179129093828,3,3,0,32,0,0,36984,2,0
58,5.397756848521802,7,3,2,36,0,1,42760,2,1
54,4.146404689339228,8,3,3,40,0,1,111529,3,2
41,9.22059324340558,6,7,1,47,1,0,21524,4,0
46,4.127616465102323,9,7,4,41,0,1,69402,4,0
63,9.248210036105196,6,7,3,35,0,1,111656,1,2
48,7.173622804163272,9,8,1,34,0,0,85614,5,0
52,9.634406191077378,4,5,0,55,0,0,55891,2,1
50,8.792699414641993,8,5,0,30,0,1,111009,1,1
38,9.987604663200024,4,4,3,41,0,1,59832,2,2
49,6.104270892710261,2,7,3,56,1,1,65836,1,0
40,8.603129733586762,9,4,5,55,1,1,93953,5,0
50,6.411585481655453,5,2,2,40,0,0,33362,1,1
20,6.879253721823453,4,4,1,33,1,0,86745,2,2
35,7.7650327793102205,2,8,3,56,0,1,57921,4,1
42,9.242062685118032,1,9,2,47,0,0,90434,2,0
59,9.904500815195771,7,3,5,33,0,1,38562,3,1
48,8.609640483187109,6,7,2,46,0,1,84510,3,2
20,6.506600693004002,2,9,3,31,0,0,96407,3,2
57,6.528142013662421,8,4,0,58,1,1,27610,3,2
63,8.42549380953335,4,3,1,53,1,1,112918,5,0
41,5.4326628746098145,8,5,1,51,1,0,35791,4,0
49,4.6628446787883675,7,1,0,31,1,0,78047,4,1
64,6.127732945844659,5,3,3,41,0,1,87906,2,2
39,5.72343394992449,8,8,1,35,1,1,39665,1,0
40,5.777848722735941,9,8,3,39,0,0,90246,2,0
19,5.40164650629946,5,4,5,54,1,1,85864,2,1
44,4.252559137818171,5,2,3,52,1,1,66451,2,0
59,4.107243608400482,2,8,2,54,1,0,106148,2,0
19,9.92633433841619,5,8,0,50,1,0,65890,4,1
43,6.566638802415174,3,4,3,52,0,0,26794,1,1
34,6.30595988295809,7,3,5,56,1,0,52888,2,1
57,8.07788369615842,5,2,4,45,1,0,26749,4,0
50,5.3095233271903854,8,9,0,43,0,0,66531,2,1
26,9.699767103701351,1,1,1,36,0,1,40608,3,1
60,8.718070086493313,3,7,2,57,1,1,100986,2,1
56,4.536466013873557,3,5,1,57,0,0,89211,2,1
46,6.50548465470957,9,8,5,48,0,0,103996,5,0
59,9.274709845372989,5,4,5,52,0,1,76017,3,0
43,9.668392133748462,9,7,1,46,1,1,77676,1,0
52,6.804409067499218,9,5,0,38,0,1,31560,2,0
42,7.680468335264246,1,5,1,55,1,0,74401,1,1
41,5.002203676552451,2,9,3,42,1,0,70468,3,2
30,9.947011756821858,5,9,1,51,1,1,52463,2,1
24,5.390030208300661,4,9,2,34,1,0,51663,5,1
53,9.656390644810754,9,6,2,52,0,0,88706,4,0
62,7.897879893954211,7,6,4,34,1,0,78773,5,1
37,7.6464207692731545,6,5,2,39,0,1,53123,5,0
18,7.076131066099052,7,9,1,50,1,1,114346,4,0
25,5.384018870306552,1,8,2,56,0,0,29718,4,0
63,5.05916819203305,1,7,0,39,1,0,82637,4,1
33,5.322917254421052,8,7,2,56,0,0,20028,2,2
31,5.118629572865527,2,6,3,36,1,0,82370,1,0
29,8.67750684140052,9,5,0,55,1,0,67599,1,0
40,6.100751555000381,7,4,4,44,0,1,37397,4,1
32,4.347056059380378,6,3,3,36,1,0,65406,5,0
45,9.814615780844868,1,3,1,58,1,0,67657,3,2
51,9.302715309780554,1,6,1,56,1,0,87560,4,1
19,9.566513699171278,2,4,1,44,0,1,33503,5,2
49,9.969446935878612,6,6,3,32,1,1,74943,5,1
40,5.043371495316924,6,3,3,48,1,0,95839,2,1
39,6.377452113415952,2,4,3,39,0,1,102674,2,1
42,8.549430854224548,1,9,0,57,0,1,45345,1,1
39,8.176123708322754,5,5,5,58,0,1,70390,1,1
39,4.92337543803913,5,7,0,44,0,1,115041,3,0
59,8.894998749943706,2,2,1,32,0,1,79557,3,1
23,5.346643431019964,6,5,5,35,1,1,85054,3,1
32,5.342905688935739,9,9,2,41,1,0,21906,3,2
60,7.221846537360482,2,3,1,44,1,1,60167,5,1
54,7.557639609050219,2,9,4,35,0,1,27961,5,1
50,7.480517247026867,3,6,0,42,1,0,46140,1,0
25,4.548921024386529,7,4,3,58,0,0,78701,2,1
61,9.264765175782282,6,7,0,48,0,0,97567,2,1
61,5.593600255532237,8,8,3,32,1,0,100664,4,2
22,4.777089527696825,8,6,5,37,0,1,101199,5,2
56,9.332488479213863,6,5,4,37,0,1,119764,3,0
21,9.73390898937852,3,6,5,52,1,1,101218,3,2
23,9.172765703592704,3,5,4,55,0,1,100729,4,0
62,8.857096448349267,1,8,0,49,0,0,48561,2,0
49,7.93145188383413,7,1,3,44,1,1,70568,3,1
47,7.305144223654835,5,7,5,33,0,1,93302,2,0
64,4.521920559468461,4,2,4,48,0,0,115380,4,1
52,6.4507192784241925,4,9,1,50,1,1,114968,2,0
57,6.236131102073884,4,1,1,32,1,1,49504,2,0
33,5.558522702561957,6,6,5,42,1,1,57146,2,1
30,8.34052068213151,8,9,3,37,1,1,60297,3,1
59,6.975254410472624,8,1,5,52,0,0,106394,1,2
47,4.486277295445888,5,4,0,45,0,0,88607,5,1
36,5.3210992116988685,6,4,4,42,1,0,36939,2,1
34,8.099552581957575,4,9,0,32,0,0,110467,2,0
36,4.456785156941801,9,5,1,45,0,0,70715,2,0
45,9.107241484292611,8,5,4,38,1,1,64460,1,0
43,6.970879162083846,1,6,5,57,1,1,86576,4,1
54,6.883519463959888,2,1,0,43,0,0,88222,3,1
43,7.554446707957106,9,1,2,42,1,0,32666,1,1
40,8.948085795550895,8,9,3,50,1,0,82119,2,1
26,6.086855247413158,3,3,3,54,1,1,55321,1,1
29,8.068096915354381,8,4,2,36,0,0,21779,1,0
18,7.394391783974746,1,1,1,44,1,1,33186,1,0
18,5.602169621016528,4,9,4,36,0,1,36459,4,2
64,9.271779918130948,3,8,3,35,0,1,106246,5,1
51,8.784556129641569,6,2,2,31,0,1,107755,3,2
49,7.950711007950553,7,8,5,38,1,0,25057,4,0
42,9.103490374565451,4,7,2,51,1,1,80663,4,2
57,9.203765205758813,7,6,1,53,1,1,38733,5,0
62,8.250177860290208,9,1,1,46,1,0,39157,4,0
18,9.022079970182032,2,7,0,34,1,1,55030,1,2
33,8.184828770015702,3,7,3,41,0,1,39613,1,0
56,8.080844630561803,5,9,0,30,0,1,103028,2,1
22,7.711668269291106,3,1,2,39,0,0,106282,4,0
39,8.516299837345848,8,2,4,40,1,1,25188,2,1
46,4.951630631758443,8,9,4,45,0,1,49680,3,2
20,9.28522455519357,8,9,1,43,0,0,80119,1,0
29,9.231061166471392,9,6,4,37,1,0,94400,3,1
43,4.175483698207355,4,6,4,53,1,1,75718,5,0
33,8.954900503388576,5,4,4,46,0,1,56445,1,1
54,4.773219204840672,5,4,2,54,0,0,25796,3,0
39,6.010713125554851,8,5,4,47,1,1,67218,5,0
46,8.461049537749647,7,3,5,41,1,0,59131,3,0
31,4.9645593762898494,9,1,4,54,1,1,28123,5,0
45,8.907802144714374,8,1,4,46,1,0,28222,5,2
22,8.992805067746453,2,7,0,57,0,1,44074,1,0
64,7.044806402565017,4,1,2,55,0,0,49825,2,0
47,4.038315230301001,6,1,1,43,1,0,56839,5,1
63,5.722228799049477,2,3,0,45,0,0,88322,5,0
22,7.701561510254454,7,4,3,43,0,0,76321,1,1
29,9.88711706816454,3,4,2,38,1,0,119174,2,2
33,7.7908811621000105,3,2,5,33,0,1,45988,4,1
43,5.558821486384959,2,1,2,54,0,1,55507,4,2
43,7.804034218597668,8,3,3,52,0,0,119244,2,1
38,7.239912278295133,6,4,3,40,1,1,118644,3,0
56,8.679072370906862,1,3,3,35,1,1,115251,1,1
53,4.64188383296175,1,8,1,44,0,1,43806,2,1
50,8.566167415012167,7,1,4,34,1,1,56901,4,1
47,7.247599472056661,8,2,2,40,1,1,37043,5,2
54,9.777952023153968,5,7,4,54,1,1,95761,4,1
40,6.051232996232116,5,4,4,47,0,0,29752,5,2
27,7.795731358803689,4,8,5,59,0,1,88993,1,1
22,9.592168633060105,6,3,3,42,1,1,62616,5,1
53,4.6150583679440755,6,6,1,40,0,1,72127,2,1
51,9.623370923418706,3,9,5,43,0,0,94777,5,0
48,8.127314333804879,9,1,0,57,0,1,20453,3,2
27,4.407022354631032,7,1,1,47,0,1,95432,2,1
36,5.805781401680898,1,8,4,56,0,1,107362,1,0
49,8.24903253187169,7,3,1,57,1,0,30976,2,0
18,4.40410360881263,5,5,3,54,0,1,119122,3,1
22,7.49302276105764,5,1,0,57,0,0,90404,1,0
62,6.07529834171774,2,5,3,48,0,1,101932,4,0
21,7.725493106604863,4,6,0,53,1,0,117170,3,1
33,4.274452202875077,6,8,5,56,1,0,97707,1,0
41,9.229220836914259,7,3,4,44,1,0,109647,5,1
33,9.840933815064382,5,3,0,38,0,1,53688,2,0
19,9.813267131714149,9,9,0,37,1,0,106840,1,0
45,8.497910990457548,3,4,0,49,1,0,113789,2,1
49,4.780517440783791,1,4,1,57,1,0,116516,5,1
44,8.549579175574134,4,7,5,30,1,0,22017,1,0
37,4.147521498752809,9,2,1,33,0,1,27957,4,0
41,4.1327413091739835,4,8,4,43,1,1,24792,3,1
29,5.941661314897248,2,6,0,54,1,1,75982,1,0
52,6.931859142427994,5,3,5,31,0,1,33237,5,0
50,8.622444506846758,3,9,5,45,0,0,71586,1,0
50,8.099772259639032,9,5,2,32,1,1,101787,2,2
60,6.67541623826049,4,8,4,55,0,0,39252,1,1
54,5.641759997689995,6,7,5,37,1,1,30707,4,1
29,9.982747000946267,2,8,0,35,0,1,54206,1,1
20,6.557087813415838,6,7,0,45,0,1,114276,3,1
18,6.708322145978053,3,3,5,53,1,0,23543,1,1
50,4.981742927150015,9,2,1,45,0,1,64135,2,1
57,8.768857292499575,2,7,4,36,1,1,55031,1,0
27,8.162093354688931,9,3,0,59,0,1,62929,4,1
60,5.324617676732562,5,3,5,42,1,0,85747,5,1
61,4.494286273695057,8,2,0,42,0,1,77851,1,1
46,8.082995812448278,2,4,5,34,0,1,75311,1,0
30,7.927067285686811,6,8,4,54,0,0,85867,3,0
29,5.639557161989256,3,1,5,49,0,0,108780,4,1
48,9.705181373502462,5,1,2,51,0,1,77196,5,1
63,4.906347350685401,8,5,5,47,1,1,93705,2,2
19,6.594008806255611,1,5,5,44,0,1,77894,1,0
52,9.661695521005594,5,1,4,47,1,0,107640,5,1
40,6.518363901556734,3,6,5,31,1,0,34591,2,1
34,7.8311556859845135,4,1,4,39,1,0,117247,4,2
43,6.385566387776766,2,5,2,52,0,1,68893,4,1
25,5.64529121409202,9,9,4,42,1,0,20727,5,1
46,9.903865887758968,3,5,0,47,0,1,41359,2,1
43,6.456004037890258,2,6,4,44,1,0,63822,4,1
27,9.364595222074806,9,8,2,41,1,0,108534,5,2
43,5.3797276353465175,7,1,3,44,1,0,30929,4,0
51,5.2786282241505,6,2,5,42,1,1,80091,4,0
58,4.186804497307068,1,9,4,47,1,1,100378,4,2
24,7.91000095225531,5,3,5,44,0,1,43519,3,1
21,6.211158062342567,3,6,1,54,1,1,37393,2,1
62,9.186149499037821,1,5,0,52,1,0,54318,5,1
28,6.839259440149343,4,2,0,40,0,1,94531,5,0
46,9.80916056748833,2,7,1,48,0,0,114192,2,1
53,5.113153094218727,2,4,1,32,0,1,67934,2,1
42,9.211739007733666,3,1,4,36,1,1,101103,2,0
38,8.65958111675045,8,4,1,50,1,0,48840,2,0
53,8.625531067864312,8,6,3,55,1,0,109367,1,2
27,9.068699368701326,7,7,5,43,1,1,33265,5,0
54,8.566143945657993,6,7,5,43,1,1,25424,1,2
26,7.7573219297884926,9,7,2,51,1,0,40625,4,0
41,4.787469266094325,4,3,1,42,0,0,99622,4,1
52,4.1951570769475115,1,6,1,41,0,0,49187,5,2
52,9.525087086894121,8,8,3,53,1,0,55929,4,1
53,7.699901887124428,7,4,0,38,1,0,81892,2,1
35,8.779223745857058,7,8,0,30,1,1,40539,1,1
56,6.8891341090753,3,2,5,48,1,1,76630,2,0
49,4.703849133774367,4,9,5,40,1,1,110639,4,0
41,4.751114753215303,9,9,4,52,0,1,113410,1,2
40,8.113391723373828,6,8,3,51,0,0,29215,2,1
49,6.581835369396776,5,1,2,52,1,0,59385,5,1
54,5.20314836020202,3,2,2,53,0,0,107580,2,0
29,6.949567280448621,9,6,3,51,1,1,97462,4,0
30,4.385253622450804,5,5,2,48,1,0,117037,1,0
40,7.4918284114863924,5,9,0,47,1,0,115310,5,1
42,5.613960426610586,4,5,2,41,0,1,45008,1,1
52,8.78535460382313,4,2,2,52,0,1,68928,5,1
58,5.862171753541443,1,4,3,57,1,1,103096,1,2
47,6.731320894490807,7,9,3,57,0,0,109876,4,0
34,4.069723239448604,9,1,2,57,0,0,44976,5,0
37,4.434681326767353,3,1,1,56,1,1,47626,3,0
42,6.354961338440109,2,7,3,30,0,1,118256,1,1
39,6.879633008302741,3,3,4,48,0,0,79789,1,0
30,7.600123288715823,1,2,4,57,1,1,24700,2,2
36,5.749975472255819,6,9,0,56,1,0,83645,5,0
53,8.169891316759255,7,3,2,49,0,1,93396,3,2
29,9.160734383135228,2,2,1,58,1,1,27526,4,1
58,8.679105933360098,8,8,0,59,0,1,59500,2,2
36,4.237712952090143,6,6,2,46,1,0,88049,3,1
29,6.883041683546974,4,6,3,34,1,0,93366,5,2
26,4.629581070509049,5,7,4,55,1,1,100317,3,0
24,5.452270095175165,8,7,5,32,1,0,79117,1,1
45,9.919975559602879,3,6,1,31,0,1,76096,1,2
31,4.854973257409079,3,4,5,32,1,1,27910,2,0
48,6.993328920708136,4,9,4,37,1,0,101383,5,0
36,7.708934405908715,1,6,5,45,1,0,91185,5,1
64,8.214789823264624,9,4,3,35,0,0,70248,3,2
33,7.357892100921484,8,3,2,42,0,0,94656,2,1
22,4.058625084515102,8,4,3,59,1,1,21951,5,1
52,5.9587678494639515,6,3,5,52,1,0,85212,1,0
29,7.106269860308268,7,2,3,57,1,0,95701,3,0
42,4.527198994869,6,5,4,51,1,1,99888,4,2
38,6.103761587255084,9,2,1,51,1,1,95282,1,0
53,4.1992186527482,3,6,3,45,1,1,114533,2,1
40,4.471470982930125,3,3,4,57,0,1,61954,5,2
33,6.381539657209577,3,6,1,45,1,0,109719,1,0
56,4.796294524258363,3,9,2,32,1,0,28804,4,1
62,7.405245089569349,9,1,5,57,1,1,112705,4,0
59,8.136789814823594,4,6,2,42,1,1,20595,2,1
56,8.803520194654498,7,9,0,43,1,0,49592,1,0
31,5.200901465468861,9,4,4,37,1,0,60643,3,1
48,5.004895493554418,7,2,1,41,0,0,82665,1,0
22,4.627407042006402,9,4,3,52,0,0,40823,4,1
52,7.81858149726182,3,1,2,52,0,0,25972,2,1
40,8.238854358921408,4,3,1,51,0,1,35882,2,0
46,4.189516868953852,8,9,4,50,0,1,86394,3,1
60,9.617273477462138,6,5,0,55,0,1,91055,2,0
28,4.311827701908834,5,6,2,37,1,1,43769,2,1
35,7.247778011806423,4,3,5,50,1,0,45020,2,0
64,8.254363116705498,8,5,1,54,1,1,62748,2,1
29,9.225814742476514,1,8,5,38,1,0,105374,2,0
26,8.284521592794567,9,6,1,30,1,0,64912,4,1
27,8.81036849841875,1,4,1,35,1,0,32879,1,0
61,6.036701155256837,8,2,4,52,0,0,53798,5,1
34,8.888950682479074,4,9,4,48,1,0,109826,2,0
55,4.480689078308051,9,1,4,52,0,0,66073,5,2
24,9.368899936363166,5,1,3,40,0,0,95791,5,2
63,7.285554256922417,3,4,1,40,1,1,86983,4,0
30,8.903786619774962,9,7,2,52,1,0,63005,2,1
57,6.713909707109801,9,1,5,59,1,1,114731,5,0
59,7.86146617117915,4,9,4,42,1,1,22850,2,0
26,7.15841596561668,4,4,4,40,1,0,48400,3,1
44,8.389537130531991,8,3,5,47,1,0,31953,3,1
19,4.489779892183537,2,1,5,52,1,1,43535,3,1
22,4.362112503943383,9,4,1,44,0,1,95536,5,0
46,5.482619404060879,6,9,4,30,1,1,95039,3,0
54,4.95726808067913,9,6,5,50,1,1,101029,4,0
55,9.23070139955321,8,6,3,54,0,0,24055,4,1
36,5.315283924148266,7,1,3,36,1,0,58170,5,1
25,9.855191534914788,1,2,4,52,1,0,117944,2,1
62,6.0213747506266415,3,6,5,56,0,1,119976,1,0
18,5.0927074941321955,2,2,1,42,1,0,48251,2,0
39,8.738191042854876,5,3,1,41,1,1,24532,2,0
34,7.952246653005257,5,4,1,47,1,0,24924,2,0
24,6.989174298718834,5,5,0,53,1,1,68037,2,0
42,7.332181305625787,4,9,4,48,1,0,98082,1,2
62,8.315210669633583,5,4,1,44,1,0,112115,3,2
21,5.370728447987792,3,9,3,37,0,1,91621,2,1
53,9.978003496340452,1,3,5,48,1,1,97926,4,1
23,9.848758972880699,5,8,2,39,1,1,98816,5,0
48,7.901954118081621,9,1,2,36,0,1,109654,5,2
36,5.197254705574871,9,9,1,47,0,1,90400,4,0
61,8.081369454587747,4,9,2,45,1,0,119525,2,2
56,4.433190453875055,3,2,2,49,0,1,112385,1,1
44,4.183915013234836,1,4,0,56,1,0,113102,3,0
27,5.546097331067282,2,8,3,35,1,0,30702,5,2
43,6.775737740435898,8,7,3,56,0,0,35385,3,0
36,9.209635032450283,1,1,0,38,1,0,29336,1,1
56,8.363014418597848,8,5,0,50,1,0,85421,5,1
20,8.456239127199886,7,7,2,42,0,1,51225,3,0
62,6.552960006688452,8,4,4,54,0,1,56021,1,1
30,6.075609955281777,6,1,5,50,0,0,23782,3,1
45,6.226232577907616,9,9,5,55,0,0,108877,2,1
37,9.925897382416347,3,5,2,37,1,1,109630,1,0
45,4.240655148474895,4,2,5,45,0,1,69111,3,2
25,9.202188976734691,6,8,0,42,0,0,109402,2,0
58,7.472052451434361,8,2,3,42,0,1,104585,2,0
56,6.6316925151375425,5,3,5,46,0,1,62719,1,0
18,8.35154596249082,3,1,2,52,0,1,116528,4,0
20,6.920013648548217,6,2,4,49,1,0,69037,5,0
30,9.240539428489964,4,7,2,34,0,1,100103,1,2
45,9.40421118406755,9,2,1,51,1,0,23513,2,0
42,6.5303255612407325,3,6,2,50,0,0,33335,2,0
50,5.660966783410309,4,3,0,57,0,0,64140,1,0
55,7.554101971560174,7,4,3,46,0,0,100373,4,1
23,9.474180073700147,7,8,3,57,0,0,97658,5,2
61,5.263973134034,4,3,5,38,0,1,54840,3,0
62,7.737799501380897,6,6,0,31,0,0,51007,1,0
49,7.789361320555123,3,1,1,54,0,0,76947,5,0
62,8.398678134491686,6,7,0,55,0,0,113220,5,0
64,4.789406110763559,2,8,2,47,1,1,46393,2,0
38,8.29494978809253,8,8,0,38,0,1,77480,3,1
33,9.454195123993845,2,3,0,35,1,1,108290,1,0
38,5.078098653221452,7,1,1,40,0,1,106335,2,1
28,5.425259949543266,9,9,2,54,1,1,29107,2,0
54,9.828370564249838,1,6,4,58,0,1,25993,4,2
53,5.085861716256939,8,9,4,35,0,1,116341,5,2
52,9.126310560217474,7,7,3,35,0,0,113650,1,1
36,6.953667138688209,6,1,5,42,1,0,72066,1,0
37,5.483386446419062,6,1,0,40,1,1,62942,1,0
35,9.224499407635069,6,6,3,43,1,0,36138,2,1
64,6.671831530015993,9,5,1,31,1,0,64527,4,1
58,7.088904123578141,2,9,4,37,0,1,29190,3,1
31,6.155400216398594,1,2,0,32,0,0,112259,2,2
32,7.557705108609564,6,8,1,52,0,0,98422,3,2
48,4.981143235510137,8,5,5,50,1,1,75698,4,0
18,6.3464892199105645,3,2,1,32,0,0,102315,5,1
20,9.816473934011725,1,6,0,30,1,1,113710,1,0
33,5.548800596206766,9,8,5,53,1,1,49086,3,0
40,7.940419987247753,1,4,1,48,1,0,37322,2,1
28,5.951140385348169,3,2,5,47,1,0,103569,3,0
29,8.640838754119603,8,5,0,46,1,0,105610,5,2
27,4.785241964310099,3,2,0,49,0,1,23435,1,0
49,9.818926270471268,4,2,5,58,1,1,73331,3,1
33,6.7227372483018355,8,6,2,53,1,1,48942,5,1
25,5.416302780078784,1,9,3,42,0,0,79635,2,1
55,4.440980483980076,6,4,1,32,1,0,49059,4,0
29,5.018547430525245,1,6,1,59,1,1,77557,2,2
41,7.118643691336106,1,7,2,30,0,0,72389,1,1
45,6.022019058587718,8,6,2,33,0,0,73014,2,1
25,8.973300195295657,4,8,2,54,0,1,52826,2,0
45,6.585325141970836,1,4,4,42,1,1,50297,2,1
53,5.492285635525779,7,1,4,46,0,0,63890,2,2
43,7.70286991962418,5,7,5,57,0,1,41322,1,1
25,8.240663301312676,5,3,4,59,0,0,55739,5,2
45,5.002251447405699,1,6,0,40,1,1,29719,3,1
45,5.005715297729906,6,2,5,31,0,1,99553,4,0
54,4.220028561601258,9,9,1,54,1,1,28314,3,0
58,8.418412090393844,9,1,3,45,1,0,113831,3,0
53,7.98282716573083,8,6,0,31,0,0,95164,4,1
44,6.847785254498883,5,6,1,58,1,1,97028,1,1
34,9.065022693815184,1,5,1,48,1,1,56113,4,0
26,8.834020917700318,9,5,5,52,0,1,35357,1,1
50,7.512126186380513,1,1,2,48,1,0,118865,3,1
37,9.209627683079551,8,5,2,54,0,1,40365,1,1
30,5.235047260220609,5,2,0,45,1,1,59029,5,0
45,4.671517716386367,3,7,2,51,1,1,21737,4,0
46,5.618497669101938,7,3,1,48,0,1,94632,5,0
30,4.342521136535889,7,4,2,38,0,0,105474,3,0
63,7.187017168006192,9,3,4,30,1,0,98218,4,0
52,9.61963415376977,7,3,2,39,1,1,47499,3,0
23,4.236061244011058,3,4,1,48,0,0,66157,5,1
35,4.732659484060161,1,5,5,30,1,0,76247,3,0
22,6.7131941697006114,8,1,0,31,1,0,61034,4,2
64,9.60325010516743,3,4,3,45,1,1,20294,4,0
42,5.8969366298605035,8,8,2,41,1,0,118072,3,0
19,7.043408852130355,8,7,1,37,0,0,44596,4,0
27,4.249437154302353,5,9,3,52,0,0,118185,4,0
47,4.890059205772533,1,5,3,47,0,1,31434,3,2
62,9.919780737753081,7,4,4,31,0,1,78382,5,0
22,9.790712178616273,5,8,3,54,0,0,58098,4,2
50,4.029639885606458,8,9,5,58,0,0,24655,4,2
18,9.710870712539434,9,7,1,42,1,1,103029,4,1
35,7.834719626893002,7,7,1,35,0,1,66228,4,1
49,9.207509767120133,7,5,2,50,1,0,23771,3,1
64,6.728439133803155,1,4,2,55,1,0,94099,5,0
28,7.093576171475501,4,1,2,35,1,1,76799,5,1
38,6.933079481541521,2,7,5,38,0,1,82257,1,0
43,8.001185545276627,2,1,3,45,1,0,37558,4,0
42,4.837907528537878,2,1,3,40,0,1,119468,4,1
39,4.179841539236068,4,5,4,36,1,0,78436,1,1
44,5.8475796495471455,1,9,5,39,1,0,112103,5,2
30,8.22808457641988,4,6,2,39,0,0,52376,2,0
50,5.21112071273769,2,3,0,59,1,1,107458,2,2
51,8.040594599949504,5,3,4,54,1,0,97924,5,0
58,9.819472276643623,3,7,0,49,1,0,49332,4,0
52,4.56340429473651,8,6,3,47,1,1,66737,2,0
18,8.035612709350758,4,9,4,57,0,1,109031,3,1
38,6.662501315827427,1,6,4,53,1,0,93970,3,0
23,9.208853526265031,1,5,1,49,1,0,71952,1,1
45,5.062898736684316,3,7,3,58,0,1,40991,5,2
34,8.155755713356987,9,1,3,38,1,1,47472,5,1
22,9.02869173788866,7,7,5,44,1,1,79946,2,1
48,9.667685316844139,2,3,4,33,1,0,46849,4,2
22,8.099488169737874,9,9,3,37,1,0,21541,5,1
55,6.983048584050564,2,6,4,38,0,0,22765,2,1
20,7.707083441207283,3,9,5,42,1,1,63074,2,0
40,9.21342990687231,2,5,5,38,0,0,49283,5,2
54,7.423658479832978,3,7,1,55,1,1,20769,2,1
54,4.182322358181021,6,4,4,33,1,0,37806,1,0
27,9.585692173041867,9,7,3,46,1,1,110518,1,0
27,8.137160506189367,9,1,3,45,0,0,22972,5,2
36,8.059080314663479,7,7,4,44,1,0,38256,4,0
34,5.294050914386303,3,8,4,32,1,1,38653,1,2
38,7.953312821395944,4,5,4,54,0,1,106669,1,0
31,6.363186433924951,6,2,2,49,0,0,59339,5,1
26,7.907397862248953,5,5,3,34,0,1,45757,3,0
63,4.639558181847944,2,6,5,52,0,1,62399,2,1
18,7.947071827618216,6,2,3,34,1,0,64013,1,2
62,9.996482354624,3,6,2,49,1,1,117605,3,1
30,4.289272233163336,8,6,4,44,1,0,34706,4,1
21,9.863045105327904,2,1,1,47,1,0,58231,3,0
18,6.441447764337224,1,1,4,44,0,1,47909,5,0
57,9.224520702023554,9,3,4,31,1,1,96631,4,0
49,8.69431290434964,3,3,2,58,1,0,77572,4,1
51,7.402097565920007,1,4,3,42,1,0,105879,3,0
45,8.43069525550796,7,2,4,33,1,0,83767,5,0
48,9.271093367808088,5,9,3,39,0,0,46469,1,1
25,6.424841929906198,5,7,0,42,1,0,21313,3,1
56,5.962198969379433,1,7,5,39,1,0,27847,1,1
43,8.005560313381508,9,6,3,58,1,1,70222,3,0
51,8.84707565164755,7,3,1,38,0,1,94702,1,0
20,8.573710808659694,8,6,5,37,0,1,29930,3,2
29,8.786881893151808,9,8,1,32,1,0,23285,4,0
18,6.613499888877598,6,8,4,45,1,1,55863,2,2
61,8.90700529705013,5,9,5,43,1,0,36704,4,2
22,4.72125433222365,6,1,3,38,0,0,38705,1,1
47,7.266934587765097,2,1,5,59,1,1,20555,5,0
47,4.034551962988729,4,3,4,50,1,0,41323,4,2
34,5.947514979401622,3,3,2,40,1,0,90968,2,1
64,6.198769209228387,7,8,1,32,0,0,86922,1,1
40,6.377036149655533,9,1,4,34,1,0,73915,4,0
32,8.172803240139173,5,2,2,58,1,0,30619,3,0
54,6.331348607622075,6,2,5,39,0,0,92390,5,0
38,6.6921617357351835,2,3,5,42,0,1,79274,1,1
31,5.425264785245965,3,6,4,33,1,0,93173,4,1
19,6.2395107497760405,3,1,3,53,0,0,41225,1,0
28,5.363617763578909,9,2,5,42,1,0,46739,3,1
56,4.439175542610662,7,1,3,41,0,0,67708,2,0
55,7.620691560288267,8,5,3,34,0,1,73019,4,1
51,8.009276791330098,9,7,3,39,1,1,96154,1,2
55,7.716942076057687,6,8,0,57,1,0,27373,1,0
51,6.780964262803434,4,1,2,53,1,0,55281,1,0
35,6.278714681075379,1,7,2,38,0,0,40187,2,0
47,9.180001897430952,8,5,5,49,1,1,87863,1,1
32,7.114490710817308,7,1,5,36,1,1,117927,5,1
44,6.875091265778385,2,3,3,31,1,1,104085,5,2
51,4.153852394838614,8,7,0,51,1,1,59220,1,0
55,6.047486965756939,5,1,3,53,1,0,27642,5,2
50,6.281173712715143,7,7,0,57,0,1,99971,4,0
41,6.392936685381403,4,5,3,52,1,1,75556,5,1
32,7.4810342153639935,5,1,1,36,1,0,53760,1,0
47,7.2016152803612705,8,1,1,37,0,0,58192,3,2
59,7.647430556760668,1,1,4,36,1,1,24381,4,1
34,8.58929956925277,1,9,3,50,1,1,116583,2,1
22,8.87791443229656,4,3,5,52,1,1,39558,1,2
46,8.308738457358967,3,5,2,58,1,1,50782,2,0
21,9.733142175729608,2,9,4,43,1,0,24782,3,0
27,4.10939549605817,3,6,5,55,0,0,111417,2,2
34,5.174667914101277,1,9,1,48,0,1,74712,1,0
27,4.045377249868853,1,8,3,34,0,1,114945,1,0
34,7.884848284927618,6,8,4,52,1,1,39462,3,1
37,9.388183293699921,5,1,3,54,0,1,80030,1,1
41,5.460893779457796,8,9,1,47,1,1,88519,3,0
22,9.56220726877784,2,6,4,49,1,0,76411,3,0
51,4.361604341737365,4,9,1,41,1,0,75206,1,0
23,9.606616160833086,8,3,0,52,0,0,117469,5,1
19,6.1097361234378065,6,3,1,46,0,1,66950,3,2
30,4.608524970695299,1,6,3,42,0,1,22523,1,2
60,6.915230555117954,4,9,2,31,1,0,80926,5,1
60,5.540659406323048,1,7,1,54,0,0,29677,3,0
28,5.709237411771537,2,3,5,42,1,1,95828,5,2
64,5.84373978955772,5,3,2,55,0,0,35089,4,1
40,8.818155386995981,8,2,0,36,0,1,24581,4,0
33,7.234967660051527,8,9,4,57,1,1,31907,5,2
48,5.867846194936022,3,3,4,39,1,0,25609,3,1
28,7.662002699865511,4,5,2,52,0,0,71153,1,1
33,8.296904045339161,6,9,4,35,0,0,70539,2,1
25,5.635744004401203,3,8,1,32,0,1,64143,1,0
21,6.481294609152109,2,2,2,55,1,1,42936,2,0
57,4.7313165600216855,6,3,3,32,1,0,70182,2,1
21,5.086896097208082,5,2,1,47,0,1,119524,3,0
42,8.086707123789896,5,8,1,40,0,1,115042,5,1
20,5.088630086173762,5,6,1,51,1,1,33163,1,1
49,7.1509803020023615,5,6,3,49,0,0,79758,5,1
20,8.254277570334596,3,9,0,34,1,1,66057,4,1
44,4.641261538568463,7,8,5,48,1,0,32537,3,1
46,7.403873317773421,6,4,4,51,1,0,42419,3,2
49,5.539376702208182,4,4,2,56,1,1,62578,4,1
36,9.777561251425478,2,9,0,57,1,0,94991,1,0
38,6.901273880319549,9,1,2,48,1,1,94599,4,0
22,8.835955298650948,1,2,4,59,0,0,20834,1,0
35,7.301359252937571,4,2,3,44,1,0,52214,2,0
45,4.260475197128915,1,6,1,59,1,1,112934,3,0
59,7.798908253564134,6,4,1,45,0,0,22413,1,0
39,9.708420053239943,4,3,3,53,1,0,29505,5,1
38,7.609670920877987,5,3,0,38,0,0,22105,5,2
23,8.915133156560742,5,3,0,33,1,1,88104,3,0
18,9.305238780090447,9,6,2,44,0,1,78408,4,1
22,5.368478631693595,1,8,3,54,0,0,57679,4,1
58,5.27226903944936,2,7,0,41,1,0,119096,1,0
29,7.66588593310595,6,4,3,52,1,0,99731,4,2
43,6.4661708188402285,5,4,4,32,1,1,85131,3,1
63,9.039167817200322,7,2,1,52,1,1,84280,1,0
51,9.400138740388067,3,1,1,43,0,0,35762,2,1
31,6.120528275816309,3,9,1,46,0,1,78703,4,0
43,5.421223353846893,2,2,3,48,0,1,101434,4,1
62,8.683153091463172,3,8,3,35,1,1,83079,1,0
44,5.648836213288817,1,9,2,33,0,1,41577,5,2
26,8.935685911082071,5,4,1,36,1,0,21214,4,1
43,6.542429521892577,5,8,2,59,1,1,106339,3,1
64,8.005299395748823,7,9,1,48,0,1,68114,4,0
39,4.573211883008009,4,5,2,46,1,0,109234,2,1
64,7.743155948059438,3,7,2,54,0,0,83230,4,1
47,6.710606072423374,1,4,4,45,1,1,52980,5,1
60,7.519650779052845,8,1,2,44,0,1,87194,4,1
34,5.0080852464691805,3,3,3,51,1,0,97806,1,1
43,8.421242469665092,2,5,2,37,0,0,57792,4,2
53,9.176782465259372,4,3,1,48,0,0,65807,5,1
18,5.300438800544654,3,7,2,37,1,1,42301,1,2
25,4.574287333120971,1,9,0,47,1,1,25141,3,2
52,4.141831516278018,3,6,5,57,0,0,33777,1,1
32,7.851829002659596,2,1,1,45,1,1,58346,2,0
64,7.642564216532684,8,7,0,49,1,0,74703,1,1
39,7.28018447628442,6,3,1,48,1,1,114977,3,2
31,5.391682576695852,9,5,3,39,0,0,67819,4,0
43,6.345435975433088,8,4,5,46,0,0,48469,1,1
45,7.566858011117038,3,5,5,42,1,1,23845,1,2
40,6.980601153155016,5,5,3,42,1,1,43290,1,0
31,9.926713121289325,7,6,5,36,0,1,50699,1,1
41,4.818638515340399,5,6,3,56,1,1,64252,3,0
19,8.170867324285563,8,8,0,39,0,1,118682,5,0
62,6.425912608625753,5,8,4,31,1,1,23293,5,1
43,6.569197689553689,1,9,1,33,1,0,77089,1,0
31,8.305586593949057,5,8,3,54,1,1,36608,3,0
24,8.154616907946217,4,2,1,35,0,0,86273,3,2
20,9.94753596221313,6,1,0,53,0,0,36619,1,0
64,4.770365736724751,3,2,4,47,0,1,98006,2,2
40,4.624657896304998,5,2,0,52,0,0,107908,1,2
63,8.346032902772446,2,3,5,35,1,0,101653,2,0
60,7.470321502038455,6,7,1,58,1,1,34779,1,0
64,5.644963999358835,6,2,4,59,0,1,71040,2,1
62,4.47651621393392,5,1,5,54,1,1,114830,2,1
35,4.513949497578583,6,6,4,52,1,0,76325,1,0
55,9.36514524798471,7,9,5,46,0,1,41630,2,1
52,5.151203948312458,5,3,0,43,1,1,32178,4,0
32,5.940229372693125,1,6,3,53,1,1,39935,5,2
42,5.359938413361928,8,3,1,40,0,1,67258,3,0
54,6.129977834991624,4,1,2,55,1,0,42784,2,0
45,4.41654305647656,9,5,2,48,1,1,83722,2,0
27,7.114358745449622,6,4,0,59,1,0,43027,3,2
56,4.405675381553289,1,7,1,31,0,1,116544,2,1
34,8.802139046934169,3,6,1,57,0,0,77853,3,2
56,5.402272491462599,3,7,0,32,1,0,87359,1,0
39,7.2400714876270635,4,5,1,40,1,0,92388,4,0
43,9.28047452536875,6,4,3,35,1,1,98608,4,0
61,7.905264214283165,7,7,0,58,0,0,96669,5,1
42,7.197746719308012,4,7,3,43,0,1,35111,2,1
34,5.946002518692254,6,6,1,48,0,1,52312,5,1
30,5.998011478349188,1,8,0,55,1,1,44161,1,0
37,8.016921731189141,8,4,1,45,1,1,87313,4,2
42,9.964836167327006,7,5,0,50,1,1,70374,1,0
21,7.971035139096272,9,4,1,51,1,0,44014,1,2
27,7.346700504220149,3,1,3,53,1,1,100308,2,0
20,8.383903061435475,2,8,3,36,0,0,66389,1,1
58,6.791233673702309,1,1,1,59,1,0,38161,4,0
62,4.360854055604712,3,5,0,56,1,0,27490,5,1
35,7.373780895267458,5,6,2,37,1,0,44502,4,1
64,9.74575170703228,2,6,3,48,0,0,55757,2,1
53,5.051817654145958,3,5,3,49,1,0,61111,4,1
64,8.140029344923995,4,3,5,45,0,0,118273,3,1
39,5.205602131954339,7,5,2,51,0,1,103245,5,1
51,7.214966106838488,3,8,1,56,0,0,78645,3,2
64,4.580058697880318,9,2,0,36,0,1,79055,3,0
25,6.702225617549111,8,6,5,38,0,0,28998,2,1
57,8.536979973371476,4,9,1,42,1,0,48906,1,1
61,6.085429145433892,1,8,4,30,1,0,90192,3,0
36,7.989470346923309,1,8,3,58,0,0,70477,4,1
59,8.772699764738375,1,8,4,37,0,1,56901,1,0
58,9.563066916876716,1,7,3,53,0,1,111271,4,0
54,5.407852491132721,8,8,3,51,1,1,72021,4,0
23,6.395895494855849,3,6,4,33,1,0,49092,1,0
43,4.914496079982505,6,2,4,32,0,0,21242,1,1
51,9.954901012950252,3,2,1,56,1,0,21831,4,1
62,9.562005807545772,5,8,5,32,1,1,70721,2,2
23,7.239742781683358,7,1,5,51,0,0,48511,5,1
54,9.052199766258529,2,6,4,42,0,1,92782,5,0
50,7.125747863632253,6,6,1,37,1,1,117003,2,2
39,7.741514128016558,6,4,5,36,1,0,38302,1,2
38,4.5347465926960995,3,3,1,56,1,0,75568,4,1
23,8.531622522980847,6,3,1,30,0,1,23232,5,1
23,4.766280901811409,5,1,3,56,0,1,71507,4,2
21,8.95640578151517,2,3,5,45,0,1,96508,2,1
47,8.692168526022314,9,4,5,35,1,0,30683,4,2
28,8.252468186457858,8,5,3,36,1,0,43664,2,0
47,4.216962283148573,3,3,4,41,0,0,53172,1,0
48,5.818770135671972,8,6,3,52,1,0,103641,2,1
41,5.578675419465057,9,5,5,38,0,0,84340,2,1
26,6.160818444829115,3,3,5,56,1,0,107236,5,2
20,4.525856480583031,3,6,4,40,0,1,31017,4,2
48,9.621746938186376,2,6,3,39,1,1,56613,5,0
57,7.322813444274257,8,8,0,50,1,1,106130,3,0
54,5.8331458639481415,1,2,0,30,0,0,96920,2,2
53,6.381889102445701,8,1,4,47,0,1,50348,3,1
41,6.683215243029014,7,4,3,33,0,0,36448,5,0
48,7.6035660001637035,7,7,3,34,0,0,29491,4,1
23,7.094076566178987,3,3,1,38,0,1,98648,5,1
19,9.516351839286504,1,3,5,56,1,0,116557,4,1
37,6.981780897434982,4,5,2,46,0,1,78759,4,1
45,9.952948088939877,9,5,4,32,0,1,64553,1,0
28,9.108549746470574,5,3,2,45,0,0,20968,2,2
21,5.251063086144015,1,9,2,34,0,1,20368,5,1
32,9.583571287863498,5,4,4,45,0,1,93960,4,1
23,4.698198387312857,8,3,3,32,1,1,55010,5,0
47,8.904698250947149,8,2,4,49,0,1,74154,5,1
55,6.283739760859481,5,9,2,44,0,0,55851,4,0
19,9.267845922670418,9,4,5,59,0,1,45496,3,0
32,9.208340140644701,1,3,5,32,1,1,50936,2,1
28,8.835552400705726,4,7,5,49,1,1,98858,2,0
25,8.740182617842368,3,8,3,43,0,0,87005,1,1
43,5.828074834588245,2,2,0,45,0,1,57493,1,0
62,4.485515698307513,8,7,4,58,1,0,89795,1,1
61,6.417881072590969,7,5,5,58,1,1,56390,2,0
22,5.041147089919052,9,5,4,46,1,1,30292,3,0
23,8.16970653341477,2,3,5,57,0,1,112377,2,0
43,6.076598359226713,4,5,3,53,0,0,48365,2,2
21,9.85366120515949,6,2,0,49,1,0,37207,2,2
36,7.845832464071992,3,4,0,52,0,0,42912,2,0
37,8.934883381806166,8,6,5,47,1,0,100771,3,1
50,4.79514803645109,3,1,3,47,1,0,76572,1,1
37,9.172086893635736,2,4,1,51,1,0,119083,5,2
29,9.536543143080365,3,6,4,43,0,1,39276,1,0
64,6.922371512913616,6,9,4,47,1,0,117459,1,1
18,7.637517626505865,2,2,2,44,1,1,25534,5,0
43,8.588858805417972,8,7,3,44,0,0,112005,2,0
31,5.049031763562475,1,6,2,35,1,0,55670,3,2
55,7.015396458780654,7,2,5,56,0,0,82147,3,1
54,6.391978166633878,2,8,2,44,1,1,118099,1,0
28,4.878243952973495,6,7,0,47,0,0,56486,5,0
53,6.205206533749188,2,5,4,33,1,0,85557,4,1
30,4.409033856312961,2,5,2,52,1,1,54268,2,1
60,4.154871441696922,8,7,0,37,1,1,101335,1,0
20,4.810997734928937,2,9,3,44,1,1,46336,3,2
50,9.778690669535044,7,9,2,32,1,1,23641,5,0
23,7.297177215370102,3,9,5,59,0,0,107132,5,0
27,9.794932966919319,8,6,5,44,0,1,52959,1,2
22,6.594987269980792,7,6,5,42,1,0,33306,4,0
40,5.870896798511557,8,3,4,38,1,0,66182,3,0
27,7.036851177041465,7,1,2,31,1,1,94123,1,1
61,6.6370701317974605,6,7,3,53,0,0,76326,4,2
19,4.633988105570463,7,4,2,37,0,1,116895,5,0
